,name,image_path
0,Catherine Missal,/g3fsRgEoMxaqPayIMtGDWERqJ6A.jpg
1,Monica Bellucci,/z3sLuRKP7hQVrvSTsqdLjGSldwG.jpg
2,Michael Doven,/fkHxoBAvAkqHxzoP1ukcbPnaaUi.jpg
3,Jasmine Reate,/qgI4agu15xBlnWkZEVpZhGFsV4Y.jpg
4,Tom Cruise,/3oWEuo0e8Nx8JvkqYCDec2iMY6K.jpg
5,Scarlett Johansson,/f3c1rwcOoeU0v6Ak5loUvMyifR0.jpg
6,Anna Raadsveld,/hNeOrwFVEfjUgRsjSUNU6t1gt2N.jpg
7,Jason Statham,/PhWiWgasncGWD9LdbsGcmxkV4r.jpg
8,Emilia Clarke,/xMIjXRUkxpQs2o5VI3Om3yn6hNV.jpg
9,Wentworth Miller,/z5qjqYgWfZsBrLWWm9jMRSJOtQ2.jpg
10,Dwayne Johnson,/akweMz59qsSoPUJYe7QpjAc2rQp.jpg
11,Rose Byrne,/fOQLAPDvqSDq4ktR7Xk8DIpzGdY.jpg
12,Rachel McAdams,/wqSznVIPp0YDFCuZ9jjbrzDyJhV.jpg
13,Michelle Rodriguez,/v37VK0MNuRuJOCKPKJcZAJXRA5r.jpg
14,Tom Hanks,/a14CNByTYALAPSGlwlmfHILpEIW.jpg
15,Jake Gyllenhaal,/wRgIPBzVzIIhWcdJAduPOKJJHsL.jpg
16,Tom Hardy,/5KwHVwrr982YSsCf4HaSFMLrsYf.jpg
17,Chloë Grace Moretz,/wYaBEV3SOYaJbo6FDKpQW9hlMWt.jpg
18,Johnny Depp,/ctaca3ALycPP0vPhRSYK5DTBEPF.jpg
19,Arnold Schwarzenegger,/3cWGPgdJn1s4O2Rvo6zN7yHkzOe.jpg
20,Sarah Wayne Callies,/1WTsRFbvxU9lOWonAigOO9UCxmY.jpg
21,Vincent Cassel,/yTTyX7xziiMibm0nzcH5z6xxLLv.jpg
22,Lisa Ulliel,/lRMGNruBuRpqyo3sktiMqQMWlTf.jpg
23,Rachel Weisz,/4DMvR5get0liIs7Bi3uTRIIdLkw.jpg
24,Robin Williams,/5KebSMXT8uj2D0gkaMFJ8VEp53.jpg
25,Chris Hemsworth,/kolnZraa1UaD6NS8Ic8guFmOUPZ.jpg
26,Edwige Fenech,/fz85mynMO5i2lyLhQsS2Cg9PCmS.jpg
27,Linda Fiorentino,/16aVa4evfjWiAnM6srkLhWYJlpZ.jpg
28,Robert Downey Jr.,/r7WLn4Kbnqb6oJ8TmSI0e4LkWTj.jpg
29,Alexandra Daddario,/qWy2rdPK3axHvlLV1IUKr6gWLGy.jpg
30,Anthony Hopkins,/wSKCjkfZ90i9vbDwKf0mlvsgdCX.jpg
31,Claudia Koll,/8kROsaY1fu44Xsgxfth8RBwVRYO.jpg
32,Lucy Liu,/cOSycUPBNi49YcPHo4Rf7ROHqCC.jpg
33,Samuel L. Jackson,/dlW6prW9HwYDsIRXNoFYtyHpSny.jpg
34,Kate Beckinsale,/jQoItQzlKokuhWydbwXUGg3i6bX.jpg
35,Jordana Brewster,/dORwXZWWmDgG66I5i2Fnr27g3fO.jpg
36,Ashley Benson,/wIRcYgnVqxZEPzxAXUWFISSoiQg.jpg
37,Charlize Theron,/fG0mtmBm3OsvKFucvoQyqBnVwya.jpg
38,Rosamund Pike,/nOiwKKOZuoB3TC3iiG1GkRzSvay.jpg
39,Christian Bale,/pPXnqoGD91znz4FwQ6aKuxi6Pcy.jpg
40,Jennifer Connelly,/i1jsYTEUoAxLzluDKwXKqheRs0J.jpg
41,Adam Sandler,/tv9V6QsuZ3bcp4ciUJjwjcc4qAg.jpg
42,Paul Walker,/iqvYezRoEY5k8wnlfHriHQfl5dX.jpg
43,Brad Pitt,/kc3M04QQAuZ9woUvH3Ju5T7ZqG5.jpg
44,Amy Adams,/tk5eWJcOBr9uRefeUm9ntvehbLA.jpg
45,Milla Jovovich,/mcNgLarIVho7LheWcvd1oQ2tBOg.jpg
46,Chris Evans,/ueIzur9vURNLoqZCdfWltnpuZTq.jpg
47,Amber Heard,/AeHnP2KOu3RmZDobNxLKtfuNeNi.jpg
48,Edward Norton,/iUiePUAQKN4GY6jorH9m23cbVli.jpg
49,Julianne Moore,/zfHsSarMGjwuvfiWoVslIQm05Ho.jpg
50,Carice van Houten,/26XhQRxVaIftK1zgLkmYyzjGh4y.jpg
51,Evangeline Lilly,/A8yx5i4MGefvcLslGf9czHX8wXs.jpg
52,Michelle Monaghan,/9W7xBcdBeFjoZVCwP2iROk1jtkV.jpg
53,Forest Whitaker,/4pMQkelS5lK661m9Kz3oIxLYiyS.jpg
54,Ben Stiller,/umikKeCX3vEZoUcx2klxPG8571s.jpg
55,Carla Gugino,/rEnVfc4Xb0M5T1QvtN1k2xJ8RbX.jpg
56,Liam Neeson,/oxCCVmDSxWcqIyMknRoOAZkvb6D.jpg
57,Eric Roberts,/45i6fsxBwH1UyA74tWQ6am0DntC.jpg
58,Sammo Hung,/hpqwIMmLLpn0mMmpi4EhzARK24K.jpg
59,Sigourney Weaver,/bcDb0vbfWZBHo1QEh9oQVRs3vx2.jpg
60,Sylvester Stallone,/gnmwOa46C2TP35N7ARSzboTdx2u.jpg
61,Helen Mirren,/4EGgBJPUBz68ZrnFuLVo01r0uND.jpg
62,Chris Pratt,/n4DD1AYU7WEMNPLga1TxqnHivn1.jpg
63,Jude Law,/4077Cyuo1mw53u1gNjLyQkqeZN0.jpg
64,Katherine Heigl,/dsMdrdIOD4xl1shUv1zl6RvXiUb.jpg
65,Matthew McConaughey,/uKj2m1hJSw4dlOLAvZ3g9WiZkAZ.jpg
66,Jodi Lyn O'Keefe,/akyVB9tFIjoj3PnrMBRcvzU86k5.jpg
67,Richard Gere,/wXj3kPwWFo8A9jDCtUVetXAR5Hf.jpg
68,Jeremy Renner,/pFOLCHkbTDzJ79dri1Iyz0cpAi4.jpg
69,Kirsten Dunst,/3fjUI92bQaGOnbxHBbyR0z9h619.jpg
70,Mark Hamill,/zUXHs0t0rhRNg7rD1pQm09KXAKP.jpg
71,Rami Malek,/3zj5BkNVAPKIJH7sHImiazU732s.jpg
72,Donnie Yen,/vlKBbOc0htUsDGvcxeULcFXDMRo.jpg
73,Shia LaBeouf,/anP0tygzniIok6L3OxcSZ9TYCF3.jpg
74,Megan Fox,/7rq0erGOfRSQeBBqypUyxvMNYhT.jpg
75,Maria Bello,/wU5I528qHPG9pAGNnghYVEW69gr.jpg
76,Zoe Saldana,/ofNrWiA2KDdqiNxFTLp51HcXUlp.jpg
77,Kristen Stewart,/eGsl40JleEbgjQkXHdB7BbRyz27.jpg
78,Vin Diesel,/qwyfzMKIhxJ7ols66FgEf7eGdcI.jpg
79,Tommy Lee Jones,/gRXugLFvr1oHZ6alLUxmYDq8cgW.jpg
80,Justin Timberlake,/lB3pku743f3N82AVXz10fGGBAgL.jpg
81,Ariadne Shaffer,/iGonVz2MjakCj3DX7alp65P96ls.jpg
82,Keanu Reeves,/id1qIb7cZs2eQno90KsKwG8VLGN.jpg
83,Michael Fassbender,/r6dxyfjbpOw4CG2feUhlUOLynUs.jpg
84,Leonard Nimoy,/5B5blUXy0PDvToh2nxZk4SVTdyP.jpg
85,Carrie-Anne Moss,/8iATAc5z5XOKFFARLsvaawa8MTY.jpg
86,Michael Caine,/nlIjMLp9zvvYM2eFm77UhI7s1nW.jpg
87,Natalie Dormer,/cpEwann4G1gOwwJnZzYV0tLYqIM.jpg
88,Jack Black,/kAyKg3rYGgIhB5KRaIWALuf78W3.jpg
89,Jennifer Aniston,/4d4wvNyDuvN86DoneawbLOpr8gH.jpg
90,Steven Spielberg,/pOK15UNaw75Bzj7BQO1ulehbPPm.jpg
91,Ashley Greene,/afm3DTK2oclpiiiuDIrJaDU2XJj.jpg
92,Colin Firth,/kbs5HzE2KjzbKiGYQw2aXFpdvaX.jpg
93,Selma Blair,/xltCuuG4xjACQ6vQm55iuR5LFJC.jpg
94,Nicolas Cage,/fW37Gbk5PJZuXvyZwtcr0cMwPKY.jpg
95,Lacey Chabert,/fCSUC713QF3nslnap2C4j6TAaTd.jpg
96,Mark Ruffalo,/isQ747u0MU8U9gdsNlPngjABclH.jpg
97,Clint Eastwood,/n8h4ZHteFFXfmzUW6OEaPWanDnm.jpg
98,Sharon Stone,/n28skoawvqAymYr6gRSm2pfro0i.jpg
99,Penélope Cruz,/dcPSUfxMa791NZvrFiBc3ReDdpU.jpg
100,Winona Ryder,/3Y2e5A0ic6fvHS9YNghfMbOaKaM.jpg
101,Pierce Brosnan,/mXGzfazBj7zqX9zjTIBTuCbiny7.jpg
102,Morgan Freeman,/oGJQhOpT8S1M56tvSsbEBePV5O1.jpg
103,Bruce Willis,/kI1OluWhLJk3pnR19VjOfABpnTY.jpg
104,Katy Mixon,/o6yDzpvqsq0bObKDGPQdoszRKyW.jpg
105,Sean Connery,/ce84udJZ9QRSR44jxwK2apM3DM8.jpg
106,Donald Sutherland,/tPLVaPjxEscGPKS3ieByloa8Mqj.jpg
107,Hugh Jackman,/oVlS7sDpnWbNBzCxwjnWceSfwrl.jpg
108,Daniel Radcliffe,/iOJ5dWkADAM1W7HvGqfoOH5ZnJf.jpg
109,Danny Trejo,/7b8cDfrmeheQbgryfCm7MeJOxxM.jpg
110,Marion Cotillard,/mJl7ngstco78rgxSAwLCPhTEOh5.jpg
111,Rebecca Ferguson,/a8thKB6ZnHxxqiC7crwCyaPX63d.jpg
112,Lee Majors,/1CjhU32qX30hg8TOXju5KY2THkS.jpg
113,Philip Seymour Hoffman,/de37JbzZ80KP1LOhzIkVe5XfSwe.jpg
114,Julia Stiles,/wqFYU1IS1xhn4yBjlkXt9LwFYr0.jpg
115,Paul Giamatti,/rX4LRmkYshMRfQ6lVbeZVAfqVKI.jpg
116,Salma Hayek,/zMmEPWSqpACzsP5TnLdETV8j7eW.jpg
117,Anna Faris,/eHh3ZVEdBlXSBNjpHaGkGKvx1QI.jpg
118,Jon Hamm,/7sjEnFaFNOzPeu5GhCeNJWhnOLt.jpg
119,Sandra Bullock,/pFudVrL9n8L0AHwMpbcfvsrjUQy.jpg
120,Cate Blanchett,/X3CMrI6lkzLdS5ZQqQWeRJkAGU.jpg
121,John Hurt,/rpuH2YRLpxJjMxHq4T1QdOSVtlN.jpg
122,Nick Nolte,/mecF0UBz1RSnf1ggd0ltYoCwqd2.jpg
123,Christopher Nolan,/7OGmfDF4VHLLgbjxuEwTj3ga0uQ.jpg
124,Alonna Shaw,/m5EBy8XIN7LT9hEdMY2ydWyoRMX.jpg
125,Dabney Coleman,/95I1LdB2PS2RcAL4mqUzAmJWI5x.jpg
126,Dominic Cooper,/z4eKEtwZXVespbZCS2qjYZaztyv.jpg
127,Anne Hathaway,/tCLYPoQPMSqqxp3rZDjZePJjqnF.jpg
128,Sienna Guillory,/pWyLeJCldGteBbSu9FhC0ef5LZx.jpg
129,Denise Richards,/r273Tmck64anm3uuccE8zfJD8da.jpg
130,George Clooney,/zOwzwGOZIqL3W80VrwosH4BkoZ6.jpg
131,Elizabeth Banks,/w2RrVNLQa4ApXhpIgWTkpNVS2kd.jpg
132,John Malkovich,/nqiVrEVW3DAHS9K5L3JWO4sYngC.jpg
133,Diane Lane,/dMjEMuNXIT3g66qv92DOUVGBFC8.jpg
134,Renee Rea,/3NQM9oOLwlwutbtMWeLSIDusJsX.jpg
135,Angelina Jolie,/69LcCbHUpeh6WsESY8wcEiiZFjk.jpg
136,Rachelle Lefevre,/g6enujzJqgF3prYKp2vfvbrqhZ7.jpg
137,Hayden Christensen,/lz6mI2hhVrGu640fxm9GQkv4V7l.jpg
138,Nicole Kidman,/hnX12EBKXIK7XwBhLCGGcEnFdpf.jpg
139,Colin Farrell,/9FDzNq8cixv5PzJwjNXx1mJKAhU.jpg
140,Kate Winslet,/2kh86i0q6y8SeBsMGz0UJ3iHMYD.jpg
141,Carmen Electra,/oFjqvsVleDaMtuJaLnSJdx7LUOg.jpg
142,Olga Kurylenko,/8jqQXZ90lxE842F0slFRzNlCdsW.jpg
143,Natalie Portman,/a5I22pEXe7Ysn2BDod0C1PobPA8.jpg
144,Emma Stone,/psZLjAknmHVdSSNZqA6wBJ5tGxw.jpg
145,Natalie Martinez,/9F8hCTTuDfPn5DPjsSuwxaJVwT4.jpg
146,Sean Bean,/iIxP2IzvcLgr5WaTBD4UfSqaV3q.jpg
147,Ryan Reynolds,/3J19JiWqs4M75FFVqOdwn0DBU5q.jpg
148,Ryan Gosling,/5rOcicCrTCWye0O2S3dnbnWaCr1.jpg
149,Fajah Lourens,/zjQ6L7Roe8CJz5HLlDBUQi70iLw.jpg
150,Orla Brady,/3vZtTc5wlM23ClWKuPvaYS3DVj7.jpg
151,Nina Dobrev,/7Oc4jOZHWNYozxBxKdQr0NxoGjS.jpg
152,Harrison Ford,/7CcoVFTogQgex2kJkXKMe8qHZrC.jpg
153,Olivia Wilde,/3d69fgT1QOTDJxqy7FpBBAQxoM0.jpg
154,Ben Affleck,/yXtyygmSGtrwTfEmr6g2WgHFJIZ.jpg
155,Noomi Rapace,/nFD1t8MSFpgNcFgOLwEj9es9u2H.jpg
156,Fan Bingbing,/8DyH7uapvuJaTjrXv9ryhRARUC2.jpg
157,Jamie Lee Curtis,/c4poMDwQ0nUj81m4WPriiv96ExZ.jpg
158,Tara Elders,/sHinWyEDznd4XZHFf9sGnw8dM1X.jpg
159,Al Pacino,/ks7Ba8x9fJUlP9decBr6Dh5mThX.jpg
160,Mila Kunis,/fFrrlndob3xAzH7yhIcpAmWwqnD.jpg
161,Eddie Redmayne,/grB1xp10baoSVZnb4CC854ys94O.jpg
162,Gerard Butler,/wRKkVe5uugkx4KnmphBSjJUWPTo.jpg
163,Henry Winkler,/o3QkTZkDYMkKYJphYJkvMSx8eB3.jpg
164,Amanda Seyfried,/rkMBMJyRekUnZf59ipVRrtw74xk.jpg
165,Lena Headey,/h9eTactBDOMB3FGU4WodKBT2rLM.jpg
166,Kristen Wiig,/x5avlvpHlBGGLhzbzuSfmOsMGlw.jpg
167,Léa Seydoux,/19gU2MSmsauB9TIh8gcd8JzvD2g.jpg
168,Louise Fletcher,/A4Cn7LsuLlOXvOMKv5ez4ThyeZL.jpg
169,Channing Tatum,/pykInmL4Y8HXNX63kkI4RsJhalF.jpg
170,Anton Yelchin,/cUlF4fJMOYclUHA3bTFwlgFKNaH.jpg
171,Alec Baldwin,/i34dh4LKYlNOF67qSPJgzhddzyw.jpg
172,Tyler Perry,/fdBvkrv4lSKZ97eDLpmjlK1Tnbx.jpg
173,Peter Dinklage,/xuB7b4GbARu4HN6gq5zMqjGbkwF.jpg
174,Sam Neill,/bmTxJ3szZaQNCgYOaVRRQxBDQlF.jpg
175,Orlando Bloom,/vq90ECKinICxJYYZpbga4pMwch.jpg
176,Linda Hamilton,/fcRpgjonpH3WmPs0V63g7iP7Dbm.jpg
177,Dennis Hopper,/56nj2DfMVU3F9qUagZWMePLbrKF.jpg
178,Danny Glover,/jSNTEnm0Sxm8FRtoBfJmhmQyozH.jpg
179,María Valverde,/aine30cqU9ucNcdUKCC5rc5iu19.jpg
180,Alexa PenaVega,/vPJOYBx5FRsA4YfUjUKNeF7KCNm.jpg
181,Daniel Craig,/cO5OUQAMM6a4Rndw5Hc81KgpF5p.jpg
182,Jean-Claude Van Damme,/aqZ9RjL5j44HMlBMvTaawhHiGOH.jpg
183,Mark Boone Junior,/nNVvaTLa8A5uwLXQvCsKoX4npwo.jpg
184,Bill Murray,/eb58HuFIrxS0zUmbmW4d8YXTbje.jpg
185,Mark Strong,/vC1a35KBxx8f2rkMKyaik7bTOud.jpg
186,Kelly Hu,/ldIqkVNQoig6tFdF6b1ql1iylAD.jpg
187,Natalya Vdovina,/6UOsRZDVqLSrH0f9xpGhLkeq3zr.jpg
188,Julia Roberts,/yzaIyUEKHSnEYDwltXs8gpF4SVC.jpg
189,Karl Urban,/tHYOUO33K7iaDw8nXyqRvDIkVuM.jpg
190,Edward Furlong,/o7x6XcLSZSJygjYKLMcElEehmkr.jpg
191,Leonardo DiCaprio,/jToSMocaCaS5YnuOJVqQ7S7pr4Q.jpg
192,Kate Hudson,/tdytZnsqNwPxROx4vFrzsytqF4a.jpg
193,Mickey Rourke,/AvGzQ8fvjurGmZW3W1wlQ5WfSeT.jpg
194,Jessica Alba,/pkwAeOcW3ZBhN48SC4fnQt2josF.jpg
195,Gina Gershon,/11msvQiJrO3Kiv1WixhCn0QQbKv.jpg
196,Chris Pine,/nAYcoQqMEuZzBZzaYCQlabqKhx0.jpg
197,Emma Watson,/q1U3QmdWEBhW80swZxy3zSYdjjA.jpg
198,Lucy Hale,/r3hs2FTSp0RvR7lB2jeqF6tNg9z.jpg
199,Claire Danes,/bWkEsNznAXV6YciG9DVNayAOkwM.jpg
200,Gaspard Ulliel,/urvCqSEN0UQAxLXeGQJP9ayydmr.jpg
201,Rosanna Arquette,/rQMQYQUF9QzD6oDfkP6tsjmyZhS.jpg
202,Amanda Page,/vrGuJZpKJL3Dlt4o6DLCQC8SZWf.jpg
203,John Goodman,/mLJC7sRO3JnGkySJlwCJblvhBHm.jpg
204,Jon Voight,/c7BvyqlvqDkfkFqSBUCiR21fvTh.jpg
205,Cary Guffey,/fESPDQKYppdhyCLkc6YA1MxYGZF.jpg
206,Shane West,/1TiKpPiFwdUbs24yrNZLSzAjsnk.jpg
207,Ron Perlman,/xZyrXT2iEmSOokQRc1hedmxrbTi.jpg
208,Cameron Diaz,/ahFkUN9Sm8oF1txUHE5JcJ95Ere.jpg
209,Brigitte Nielsen,/sCygCFKnKR3G3yROyfwOIxJf9eM.jpg
210,Kim Basinger,/xpv6NgpY0mDr5QSWjZLXy5KlFn9.jpg
211,Eva Mendes,/6JoVMpn0CcZwb6JK7XW2E6ntU52.jpg
212,Demi Moore,/eLNoOYnxvhpV0BMSkNNnyyo5In7.jpg
213,Kaley Cuoco,/vEk1rLGhZWx5H3c7BPENIZf6xaM.jpg
214,Emily Blunt,/A3fiIXjP1xvDn4fESU2Hl7pfmuL.jpg
215,Tuba Büyüküstün,/qVQKLx2qcKWO1RsrPeZKtBPapel.jpg
216,Ralph Fiennes,/llD2XyqOhxAENnJiQlvGAFcj733.jpg
217,Kevin Spacey,/cdowETe1PgXLjo72hDb7R7tyavf.jpg
218,Joaquin Phoenix,/3IhxPwyUovZGbsdwhcaU0Kvm37J.jpg
219,Liana Liberato,/qNfYhqaudHwclYkiVwryMRGJX8e.jpg
220,Harvey Keitel,/oP3A0NaJShM1BbI7WwMFui72b7O.jpg
221,Kristanna Loken,/rxeYONGXlnNYOn50KjjiwgLxiGX.jpg
222,Eddie Murphy,/WlmlpM6YeQwgEmOX0n4bVZ08dc.jpg
223,Shin Eun-Kyung,/7OKUhhIfMfKGivWppXnRQi1bfQS.jpg
224,Robin Tunney,/oQGr5vfYbkarmJQmhGmSpIhSapL.jpg
225,Jennifer Lawrence,/xFEz5rzkiTFV2Gx3aLaAoXGhWdp.jpg
226,Oliver Platt,/an9n3aUKFAN50GDsbqwIkvWlcus.jpg
227,Kate Mara,/h8Jkofzrxy3vMpnH1iiCZ6eZwxb.jpg
228,50 Cent,/gsEwsWWtC5xwFCzL2CnPmc24uIO.jpg
229,Richard Madden,/fBEQiAvjmP6nYv1MyoVtQAf2OPX.jpg
230,Norman Reedus,/wJBL3VdMdMD5OarXEVHmSoupiLT.jpg
231,Nicholas Hoult,/rKLlBCBJb3GjOMeKdGtpWIsCRJc.jpg
232,Christopher Lee,/3Pj0Zt1x9fwBrGGLe6DRGj8Ymmx.jpg
233,Nathan Fillion,/B7VTVtnKyFk0AtYjEbqzBQlPec.jpg
234,Jackie Chan,/pmKJ4sGvPQ3imzXaFnjW4Vk5Gyc.jpg
235,Jessica Chastain,/1kS81Pio4ga1FoeYTVWGkGcmEDS.jpg
236,Brendan Gleeson,/pUTBk2sqFgg4aFBXHckD0qKLUYP.jpg
237,Ethan Hawke,/kcby6VYk6Gb0036nUyh8chY5ZAJ.jpg
238,Clive Owen,/jm2as6tLcvHCYQvmMYM4VK6JEnr.jpg
239,Laurence Fishburne,/mh0lZ1XsT84FayMNiT6Erh91mVu.jpg
240,Shailene Woodley,/xPqcqbmrcit2tFjMTLEB8bbWPhd.jpg
241,Shu Qi,/kmTErFq6lKQww2Yk9AfpR2Q5YWx.jpg
242,Elisha Cuthbert,/3CTK6oW2LfGVE7ICsKzeSxngp3H.jpg
243,Vincent D'Onofrio,/4pgzL6eP5Qdf2PhagqTNVEshv5e.jpg
244,Dominic Purcell,/eoWSvIMZ82IW15eUYubw39VKHSd.jpg
245,Bryan Cranston,/fnglrIFnI5cK4OAh66AZN86mkFq.jpg
246,Peyton List,/yAMajtPm0H5JBKJxaug1vM8ELQM.jpg
247,Robert Swenson,/cNuq7a8nCxRw9pNvQVVQoONkNsw.jpg
248,George Miller,/odbXhZmCBxjVCzRTxvZhrchBnN0.jpg
249,Ernest Borgnine,/jncvBRxHzlmfilXBDYJw1udTSB0.jpg
250,Owen Wilson,/j7oYgvfDiO34VcFdSB7GhM2CSle.jpg
251,Woody Harrelson,/ivfalpnvELPaSILqP6K6rabXfsU.jpg
252,Jeremy Irons,/9AWphjIgGX7JjTrwrx3tsTZlUgv.jpg
253,Kristen Bell,/9DoDVUkoXhT3O2R1RymPlOfUryl.jpg
254,Claudia Cardinale,/tV3oboOm0Iix0AEtQKGPnPE2hbF.jpg
255,Quentin Tarantino,/6grjDWpEIPL5QdRbUZFxVEp5TCd.jpg
256,Mia Kirshner,/pgQw5mlHRwWKBwLMdMj2jqiwK5D.jpg
257,Alice Eve,/G3YOQbFMnPGBO5LrN3WJTs2kJf.jpg
258,Dougray Scott,/jzHFzUH097772iacix0F4XSIZz4.jpg
259,Taron Egerton,/bVsLVoO3BGoHRLjWoM4Gjav2hNb.jpg
260,Tyrese Gibson,/2eQsxfTHsARKXOtPu3W4c2n5RzQ.jpg
261,Solène Rigot,/axjHYWo91vYoGE39YqPVfRhSbr5.jpg
262,Luke Evans,/1d31uDYub8TaLOPWfgX78OotduD.jpg
263,Rebecca Hall,/pDY00JdSgDxXxMsBOJcShJjDVxl.jpg
264,Viggo Mortensen,/bsW2qXbMCc6mo8eGj5Lpi7GrC7N.jpg
265,Izabella Miko,/y17WPWE0tOFroVttwayzU3Q2Mxb.jpg
266,J. Pat O'Malley,/if8jAnsuARxFUy3k7PhaFqzHd9N.jpg
267,Emily Watson,/jyIC8axLoCrbQoKGGjGFRU7hfNI.jpg
268,Sam Worthington,/9XzAE3ZnCnazub4xrSY8YBN7sNq.jpg
269,Naomi Watts,/8W02WOJI1pEGh2iqQsgITR5tV0P.jpg
270,Rene Russo,/aaPzuXRHdyxamPMXqu70okPaqvB.jpg
271,Ice Cube,/dzdn1tyWkC4EjlBVKvpAhg5osYA.jpg
272,Uma Thurman,/1syarPILK8IIFvBHhlK8pdBZ2bz.jpg
273,Kaya Scodelario,/s3ujVl6I2jyr5tZjvNxvpKm3o7S.jpg
274,David O'Hara,/sJ35AHaSTzSrvd80xrlC1CD30iF.jpg
275,Jan Sterling,/kbDFYUzTVZddegCczn0BljjpWb7.jpg
276,Glenn Thomas Jacobs,/jMUbn5h9ET6E8QqJI63NDlqM650.jpg
277,Dakota Blue Richards,/23pGkpzWHG07ExWDHKMGs6Es5Fv.jpg
278,William Shatner,/5hWNPFmnzlFAkGMleBKkeFFcxhY.jpg
279,Will Ferrell,/dGxt3uGPlUJKIfHYiLasnEgR90e.jpg
280,Nora Miao,/AsLdf8DkE7T5DlPNHk5LyzUrIsz.jpg
281,Emmanuelle Chriqui,/d2PyTKZyt5Ndk9am6PJ8u6jRdjH.jpg
282,Seth Rogen,/3U9s4dvXQuk1l3ZT3MqwqpmeRqI.jpg
283,John Leguizamo,/wlcCiSjmcXHJCG7WATmbwYIRnmX.jpg
284,Ioan Gruffudd,/iGJI8szrwaRBd484sGO8OOm1HOH.jpg
285,Jeremy Sumpter,/erNaw0imhMzn3OqGcOQPQeQ4RtI.jpg
286,Charlotte Gainsbourg,/4TKuzaPGVH1BRMp6v22hAPkclkK.jpg
287,Viola Davis,/bqdE1CNQ7LokkzMZgKJlgDE5n6U.jpg
288,Dan Duryea,/577hAUPy04u98IwsHKO2rQriJ2e.jpg
289,Jamie Foxx,/1yr8Pv1tSWnQkCwDLrzUIzZVurM.jpg
290,Cliff Curtis,/dkSlTaKKe0uaKKAscVaSHlGq4g3.jpg
291,Cara Delevingne,/zYDFAIgSihaLiYoFzQU9Wl5VkvO.jpg
292,James Gandolfini,/19r3knxqTAPUgfItOPXg3ouOcpI.jpg
293,Ida Lupino,/fjIFL366O3LDr9mPnZd1P8nuB7A.jpg
294,Patrick Wilson,/djhTpbOvrfdDsWZFFintj2Uv47a.jpg
295,Mel Gibson,/6VGgL0bBvPIJ9vDOyyGf5nK2zL4.jpg
296,James Purefoy,/5HJn5a5xHsQYVvbVSDyytZB5Tci.jpg
297,Rachael Leigh Cook,/xPcfVq2UMihLNmPvYhFXV0IXiwF.jpg
298,James Cameron,/6Zk8h1XsPGKUM8M8cKUHAnmnc8O.jpg
299,Jonah Hill,/paKfXGK2gnYHWkqe1NiQR1pGac7.jpg
300,Kellan Lutz,/sNgRpXCVyDesWJReOX2cNa7oijS.jpg
301,Joseph Gordon-Levitt,/zSuXCR6xCKIgo0gWLdp8moMlH3I.jpg
302,Ian McKellen,/c51mP46oPgAgFf7bFWVHlScZynM.jpg
303,Garrett Hedlund,/2UXqL30fM8ygySH0I5iy5RFx9Tp.jpg
304,Amy Poehler,/qvVYBwZncnWoiu48GklLXQKMngm.jpg
305,Elijah Wood,/r3XfDLyaaMb3RKWcsmGggRTMEhe.jpg
306,Adam Baldwin,/vhZ8AD36h09mBLuyIXboglRLgIu.jpg
307,Eva Green,/qXlDuXpDlx7JTxtB78qG9DgKIzz.jpg
308,Michelle Williams,/zUvxAK66dVIOMH7M0yZWGkkwZGL.jpg
309,Lea Thompson,/dA1BESp4Now9aULstKMReI8hzui.jpg
310,Ivy Chen,/ukRPIkzQx9JB8G4snx3rK9tCegf.jpg
311,Kris Kristofferson,/hiGkNoiAwnUgY9XZ3YhiWMvKngi.jpg
312,ناهد جبر,/1CbTJkFTxcTGzd8g6yRH9kXit6Y.jpg
313,Shannon Tweed,/cfHhjZIPqXXOZ9rsQguofYrTQL9.jpg
314,Hayley Atwell,/w6xp5nvj8boZTJ24ZH4bhh4Lx7B.jpg
315,Kelly Overton,/z4ConG73glBC7RJPOUvClLlb0k5.jpg
316,Emma Roberts,/yzf0nMrsxf1LjeFtoIw6Qwh7GpG.jpg
317,Ken Duken,/tuyAiTfdMeUwR4qLUJButZmRZDd.jpg
318,Ray Stevenson,/bcd9uqwfCVYsu7rduZnPVYUkyfU.jpg
319,Tony Leung Ka-Fai,/vxrUpkWMqWYMjx5bg8Q0fioBrQg.jpg
320,Gwyneth Paltrow,/66uyrmrE4igiAd2H4tMol5nGopx.jpg
321,Ray Liotta,/o4jJSH3sri9dSIJwsCgT4de1535.jpg
322,Christopher Lloyd,/iQzG9apaIsHnn7iGrer3YEDp8Zo.jpg
323,Raquel Welch,/dEr7QkkgOqCwH1uc5VXzTxDveAv.jpg
324,Rebecca Harrell Tickell,/mGAUC2E40RndJukuHNahGbA0xsM.jpg
325,Jodie Foster,/9M6PpoJGwjhTantETojfFDc3VhW.jpg
326,Stellan Skarsgård,/hjWdhX7zEI0DkF7gA4hcEVcYCZl.jpg
327,Pam Grier,/8NaNIFhKySQ2fkwSlhoOGFgqtHO.jpg
328,Kim Cattrall,/A6jOlVc2aMgVSLZSGJHppYdzafq.jpg
329,Victor Mature,/pH8HaqCRhhWcP2VkaHli6eZllxy.jpg
330,Alona Tal,/k32JlDCKKItwaxqJn6qA6bbZE7H.jpg
331,Matt Damon,/eLAWpp5BLbTwjj35MbGzpL0QkWv.jpg
332,Aaron Paul,/pAa8H7DjgXENBhyvJy0hVLKvVT6.jpg
333,Stella Stevens,/hsNwoHrAe6ZWaBl4f62YiP2iJqo.jpg
334,Charlton Heston,/6EssaZBaM5bFkJ21OQ2KGcGqAVU.jpg
335,Tommy Flanagan,/eVHvVN05wJSINFlkjxjwOwe6C3L.jpg
336,Jack Nicholson,/z5kVLyn3sxj0wNRlFgVgT6deeRO.jpg
337,Nicola Peltz,/3NLYsEVZON71ceR01bb6gf13iRJ.jpg
338,Katey Sagal,/gPoOCjmrdTus013M3obYVZIj0Jx.jpg
339,Julie Andrews,/aSJYNCyNmM1v6NPBfLcJ3noxkCE.jpg
340,Luis Guzmán,/9rj7Qka1tT85J3JoXBexJtLx6vn.jpg
341,Laura Harring,/ng0u5d41FhJDS9mJ74nYnd7XNZP.jpg
342,Miles Teller,/BP15HuH50mYKjrj62rKKvTtclz.jpg
343,Beau Bridges,/xv6sDCHxHvBgCK4y96H32kxgcdr.jpg
344,Ali Larter,/4MVvnnOcZYb7rxfZQnK2EPDhokW.jpg
345,James Spader,/gFDjZje8P0S3MzHuw1cxiYuHBX5.jpg
346,Jon Bernthal,/hFpuhH1RGX9g1c2ZkUsog6yyYwa.jpg
347,Logan Lerman,/gXIjdNob4AOZlv3BjboAei5lhHi.jpg
348,Sacha Baron Cohen,/9UWxlTsGAfRAcxG2LcUMbfR3FiF.jpg
349,Jason Clarke,/k0wyfdMPh6TSaDKkrreuQIfg1sr.jpg
350,Tom Wilkinson,/4mxZKgdem0sQ8hJd0Y7TREwq7TJ.jpg
351,Robert De Niro,/8Bgdfv1oN9Mw0YuMHP6fw8KzDkc.jpg
352,Lee Pace,/93N1awB9SAUgXTejEFCXUDfi6hP.jpg
353,Laura Antonelli,/uZHtqZeCHqQFv25bCNGGdFY1Sol.jpg
354,Geoffrey Rush,/c0jbNjWb9DHm5xfBIeEtHZdZJmI.jpg
355,Aishwarya Rai Bachchan,/3iSTsyBx5FwfbIrMJXMKFJ0eWlL.jpg
356,Connie Nielsen,/zBW19um2qW6uGIrl9LvUTZoD4MM.jpg
357,Jim Broadbent,/atBa5ONgpQtbiXCIZrlNOKEFgA5.jpg
358,Catherine Zeta-Jones,/3qDN8It9ulUqpOqkxJgW0WnWFho.jpg
359,Paul McGann,/vtp1wTbuxO9JfKP52xo0pjCOkh9.jpg
360,Louis C.K.,/6x5c5IaJOo1nHZh0AykVEw1od7h.jpg
361,James McAvoy,/26UEbgEJ8sH3JUgQd6qDaNnJEbS.jpg
362,Christina Hendricks,/d9KRMyCHigiHoDgmi1GX8EbhkOz.jpg
363,John C. Reilly,/kUo2TPQp4kOWWvijvkjLl0v9PQB.jpg
364,Seth MacFarlane,/v4c6JhGYpjMRBwf95gtPxBnElNu.jpg
365,Dennis Chan,/qZiaEH1JJt8c0WUPJl9gqArGT2P.jpg
366,Ted de Corsia,/63mhu9Qa62Viwy9tAdOFL9Spsf.jpg
367,Robin Wright,/cke0NNZP4lHRtOethRy2XGSOp3E.jpg
368,Kim Dickens,/yIXBljS46WXvRk2gma3ravVBBgU.jpg
369,Yuen Biao,/hdBQMhtzpamgodIURGPQAcKdbWC.jpg
370,Anne Bancroft,/4VMhut6tvXqXBmMGFRjXbbImAZW.jpg
371,Peter Stormare,/dDR0brp5L7fXDyEywrhjQv01LSg.jpg
372,Hugh Keays-Byrne,/lhYUcPimMMy7Ltp58NkB3RuJzSv.jpg
373,Drew Barrymore,/y8GKPHsBXVGIGBdDzdNxjm0IbKF.jpg
374,Sophie Marceau,/5pJ16f9QxzZMzcr9CpSnr6dTwGG.jpg
375,Alain Delon,/jNXHnLspNoh1ZOH7gwCkMrjLA7R.jpg
376,Susan Sarandon,/rjK7SERcPfwnRtPtOwH6EcvdWX4.jpg
377,Danielle Panabaker,/mZJBKATPpwnzmqODJKj61YfnVF6.jpg
378,Ellen Page,/vDunkYxyQPkzx9EwkfSZVCSzBlO.jpg
379,Dolph Lundgren,/hjR1tpZV5XKX8daIKmU80ZuOfMO.jpg
380,Hugh Grant,/eN2hNsDFygyQ4zNB6Jg0UmTAfLh.jpg
381,Meg Ryan,/iv33eEcSakPCkO2MiR4bIZpjgyg.jpg
382,Thomas Kretschmann,/allahLWNWLQpeY46nUg1d6zSO7T.jpg
383,Terrence Howard,/MZeLxOH0PgL7xcvt865WVBvQDw.jpg
384,David Hemmings,/uzJRMPZq9Hv8APMqYsOTSZqcBg6.jpg
385,Angie Harmon,/oFsZQuVxgMm9yUl0dZe4ROznIex.jpg
386,Eric Bana,/36As49OkTNvT96CzzjXNuKMeuyx.jpg
387,Saori Hara,/cLm0XcEAxTKcEVX3k9gmDLflf7y.jpg
388,Christopher Walken,/ysO1GwRzLT9OVAB9Y2SKHxomqDr.jpg
389,Selma Ergeç,/wiXLPJI1kIKsrkVaSfr7uVhhF3Z.jpg
390,Malcolm McDowell,/AalAO1Do9egUr07klE78PWw6Hyq.jpg
391,Keira Knightley,/yPuSzncAAPgPI8ut6MqGGXTBGpH.jpg
392,Jaime Pressly,/poWVzEIu6gO9wkQ0h5GuSGfY4S3.jpg
393,Bradley Cooper,/ifjdzZtkR5S5ifSSNQZsVarqFxD.jpg
394,Alexander Ludwig,/sKBzp9sgDYXquPnsGvJJveTOAT6.jpg
395,Mads Mikkelsen,/hJTB5odoUVrVmLJdkuAMNBRvyvw.jpg
396,Lisa Kudrow,/cw9RwrNXn61JPu2Xa53lHfPdjd1.jpg
397,Dana Ashbrook,/qk2BsFN6ITljgG7wtGAcitbkFQC.jpg
398,Maureen O'Hara,/quQgrArKxPxol1dYTxeu71Qk1ng.jpg
399,John Russell,/td1PYzG0wBy36tJx7HsnMcabwzp.jpg
400,Will Smith,/2iYXDlCvLyVO49louRyDDXagZ0G.jpg
401,Sebastian Stan,/yDSXsxlp5MPEtOCz56YzNKakj6m.jpg
402,Kat Dennings,/wWT5XV1fQGYl5YvM5ZOZp6cKDGN.jpg
403,Jake Johnson,/7X6pb4SDs9RoXi5gI4Nl8ZiPO4l.jpg
404,Kevin Hart,/nTYKqSQzJ9VlYKgqoES7WIDHywi.jpg
405,Kabby Hui,/vU1NQ64MQ9cpkCRWd940T2UQoVN.jpg
406,Bill Paxton,/53Ln1wTC0OCLzBF4HNlwhMXYgOU.jpg
407,Robert Duvall,/1aBC7NxPy10ofng6HsJBecJ1vMZ.jpg
408,Tim Robbins,/tuZCyZVVbHcpvtCgriSp5RRPwMX.jpg
409,James Marsden,/htBil0Vayd09haeUVoKEPxuantT.jpg
410,Ornella Muti,/5bwQ4mTsGROX3KHtlvEXkFObpRD.jpg
411,Felicity Jones,/b8GTaZlfRCXURMh66G9veKo0hb2.jpg
412,Ron Howard,/67WIgpOGIeb4NSN9yIxsOITbnns.jpg
413,Zooey Deschanel,/suOjtxoG1qhAgzzWmRwuFltAVvq.jpg
414,Bridget Fonda,/vQc0Y0QBhtXOXBBMMBHy3HfHIsU.jpg
415,George Takei,/yXQsJ0ahBXsbxzJUYjwyCxpJHgp.jpg
416,Erin Cummings,/76bNbceGypp8j8OEtVFOFraPtnm.jpg
417,Katie Holmes,/eYeE0Z1sOvqxt7LsQHK30vUfWaM.jpg
418,Nikolaj Lie Kaas,/xO4yWra3xoK0rdzDN4OC8Jwh0FH.jpg
419,Emmy Rossum,/lolKZGyxsNcS51I2zPMBkg3OEH2.jpg
420,Amy Smart,/gDIto4RCKHOSKfC0rSn8nxmThpN.jpg
421,Helen Hunt,/ws1ClG9BBUIVLZRYTNKconJn9Sy.jpg
422,Simon Pegg,/onE8N8YciZtSO8hv8TBA6fRpB5b.jpg
423,Ed Harris,/a9ITc3shCAWjV4qKf3rgR0Opu3y.jpg
424,Valeria Golino,/dv2Uw2jKm4sgxnm6Ft0xDyI76Ps.jpg
425,Richard Widmark,/whrZ2aEg3FghVaDJf0JRrEhFLWl.jpg
426,Mandy Moore,/15sDtRpe301tZWrRYV31wjMuFpx.jpg
427,Tom Hiddleston,/rA0aS2GACY2fwrc7mEJR3f5k5FD.jpg
428,Dakota Fanning,/7mabFx7Z4Ol54Rhhy2ITZNaUBa9.jpg
429,Josh Duhamel,/hi5OzlZAwf22xRRPLFbKnXNoZ9L.jpg
430,Leslie Bibb,/oBoQFa4vvwXsW8PhaAsOmm75gkW.jpg
431,Natalie Mendoza,/4yeZSEKGvUiCcljsFub2SxFGGuz.jpg
432,Shelley Winters,/zVg966M0RVK5kycHZUEDc51QULV.jpg
433,Armand Assante,/m9DCpe9HkIXEAp3aq1wKpmN8mih.jpg
434,Vanessa Hudgens,/4TSmDk5NpIi2pIG6J1gJaxvmx5I.jpg
435,Mädchen Amick,/y9qpjIzfm78aPHR8wxeTo20bDyV.jpg
436,Roselyn Sánchez,/ctkNxIjd0lQY8tV14n8J6YoFJuA.jpg
437,Jessica Lange,/hC862LK6M6mMcCnhOzIyfvTmQk4.jpg
438,Lana Parrilla,/etErVhObfwIfbVhFosBMFlCR0Kq.jpg
439,Margot Robbie,/iykyn6Ap1PmHJFp3UP10Mhw2pqE.jpg
440,Anjelica Huston,/aWoffHO62SV8KeqKzct8LeXTW72.jpg
441,Hikari Mitsushima,/ev3nEn8Vg2BYMZbN34D3xZsEnwz.jpg
442,Leng Hussein,/qeDKllvkPDMx1zYHxiqJfPjVCA.jpg
443,Ninet Tayeb,/1xxdkREWPNOPGQhFrUWvbLjiNTm.jpg
444,Ann-Margret,/jx5lTaJ5VXZHYB52gaOTAZ9STZk.jpg
445,Dave Bautista,/oZDL1VprkUEFhOtG5WcVjudj5ks.jpg
446,Rutger Hauer,/96XEG75LYFFPb9R03EaN8zipWP4.jpg
447,Jason Segel,/49zyYG6HSQm76mN1SLmCCzgIN0Y.jpg
448,Max Riemelt,/xEcdqLYpebm2Bv9zEUG0f8oIi6N.jpg
449,Elaine Collins,/9fdPgOXeltrBNqPvgZYoSwdQhsn.jpg
450,Melissa McCarthy,/jSLdOktZHZOPEE4DzSShxuEeXPy.jpg
451,Ruzaidi Abdul Rahman,/2Xbq7Wb2JLRXtrVwcGXvYqWTEeJ.jpg
452,Rowan Atkinson,/4VrM98lBBZ4JHYDmelv5qA1Stuj.jpg
453,Heather Graham,/xqKEAblSGSj41hjaiydLiM9BT8h.jpg
454,Lauren Cohan,/5W4AV3ZXn38NlEMqPy9QPjwRRz8.jpg
455,Ewan McGregor,/lVjs6E3vriUXhHrAx0mSzyOVts2.jpg
456,Bianca Haase,/7kL5SWyf9HHBmHk47lCR5S7sddn.jpg
457,Denzel Washington,/t9arcZbg1nLt8GZt2SkWm227YoK.jpg
458,Karoline Herfurth,/8HVqhIaLQA3MOTO88Ncn6VOCzdp.jpg
459,Christopher Lambert,/sIl2F9LDTjfnAVBxEG5CTtZGuJU.jpg
460,Alycia Debnam-Carey,/fnWgmKnvy3ROPPD8x6OwuAZ3uuu.jpg
461,Liu Shishi,/9D9kJrgMoOjzGZEiZwMmJs0eG9X.jpg
462,Paul Bettany,/xN2pJ3DIPacYviSSwDovxizPS2w.jpg
463,Famke Janssen,/jA9v8JQxseOqbdN1yiEpHEBYyJv.jpg
464,Adam G. Sevani,/xrDL7kg9CDBGsfczWX4HZ8s1xcN.jpg
465,Mae Whitman,/dRBcb2fMKPg2aeqIwVVkIuGugCV.jpg
466,Ed Asner,/1EysZS86vozSb9pwD7HVGqInfDQ.jpg
467,Chris Rock,/5JCYKerIL0SdiqygtLUpG9Sw37P.jpg
468,Jet Li,/5himGJzSuLoHwqacTz7sXWqgeMt.jpg
469,Emile Hirsch,/A2ISM7KgjdC4zSwCHBbc9nzqCPA.jpg
470,Ashton Kutcher,/g9FF8F6zoYlRJGU0KQGSklqsbOd.jpg
471,Jake McDorman,/bgNT9JqepDtxP6ryfGVBAECvUgX.jpg
472,Julie Dreyfus,/vkUvcV6oFkZXcIv4SGeW66LUoqC.jpg
473,Ian Somerhalder,/5LwxVwxf5pLVycUeYE3uMmk5oS7.jpg
474,Matthew Lillard,/gJsQkX20g0ABquHqVpBJzMXR2JF.jpg
475,Steve Martin,/8Weyf4wJdKqmWLVN7L3jLw4qf5.jpg
476,Renée Zellweger,/rAfHyC0IxqwRTKuwosU85ZwQicL.jpg
477,Selma Stern,
478,Greg Kinnear,/agOTbOC76I6rC7TPuCTquvngXRu.jpg
479,James Coburn,/4VkbAYRB5FRt3ZpEsOQ5TbuvRz9.jpg
480,Colm Meaney,/irPAowqDk7llCvm8uyCJuBClzJw.jpg
481,Elisha Cook Jr.,/gUkN2IZ49VrHsnahLMu4STIYvyJ.jpg
482,Richard Harris,/64jkJJtL5sins6nwGKOERduLSEA.jpg
483,Elisabeth Shue,/44AaIXkbZFkdhSW1kRdzCbfYk6c.jpg
484,Ti Lung,/9QWOifnem9XKwmWx2tFvqZFwP72.jpg
485,Naomie Harris,/yNaberqwRKkz4ry8ggQQGSaSBo2.jpg
486,Whoopi Goldberg,/n3lF8w4X4rDa4J2LMDIxMEcuUeH.jpg
487,Tobey Maguire,/15mDmFEHoVGpfvEGjhFDgJPqoJ9.jpg
488,Carly Chaikin,/mWZ9NrxifTjVzADdI8iK9qu5yDK.jpg
489,Tim Roth,/r4jtlboNqWPz2dOHafrPJE4Yd94.jpg
490,Charlotte Rampling,/iuggCphmBfNoUFaUWfpJCTxX4e6.jpg
491,Pamela Anderson,/21rgWZOkgiPSbEx2QXN22tZilc6.jpg
492,Toni Collette,/oMps1ZPH3dHmqZmrpZcRiyUBgA.jpg
493,Noah Taylor,/dSlH0WA09dVqQhgB7LB5xn8WzD.jpg
494,Tony Curtis,/pgI8yJsEjEE4YU1PEGhsa3pdQXp.jpg
495,Ben Chaplin,/6isUJ1s5U1QfPgNDkK8nTEjlb5X.jpg
496,Ray Winstone,/PortzKA9M8dCOvr44dGdczxMoz4.jpg
497,C. Thomas Howell,/POrtkxOnn1JEKwd0nlbBuZfS7Sf.jpg
498,John Cho,/poRTpkKGun8BS7GjCqXrzthTOk4.jpg
499,Arielle Kebbel,/f5mvkSgmvEHNfe25XLxN2sb923I.jpg
